{"meta":{"app":"https://ctjs.rocks/","version":"5.0.1","image":"a0.ee2ab608b6.png","format":"RGBA8888","size":{"w":512,"h":512},"scale":"1"},"frames":{"PB@frame0":{"frame":{"x":1,"y":1,"w":16,"h":16},"rotated":false,"trimmed":false,"spriteSourceSize":{"x":0,"y":0,"w":16,"h":16},"sourceSize":{"w":16,"h":16},"anchor":{"x":0.5,"y":0.5},"shape":{"type":"rect","top":8,"bottom":8,"left":8,"right":8}},"PB@frame1":{"frame":{"x":1,"y":19,"w":16,"h":16},"rotated":false,"trimmed":false,"spriteSourceSize":{"x":0,"y":0,"w":16,"h":16},"sourceSize":{"w":16,"h":16},"anchor":{"x":0.5,"y":0.5},"shape":{"type":"rect","top":8,"bottom":8,"left":8,"right":8}},"PB@frame2":{"frame":{"x":1,"y":37,"w":16,"h":16},"rotated":false,"trimmed":false,"spriteSourceSize":{"x":0,"y":0,"w":16,"h":16},"sourceSize":{"w":16,"h":16},"anchor":{"x":0.5,"y":0.5},"shape":{"type":"rect","top":8,"bottom":8,"left":8,"right":8}},"PB@frame3":{"frame":{"x":19,"y":1,"w":16,"h":16},"rotated":false,"trimmed":false,"spriteSourceSize":{"x":0,"y":0,"w":16,"h":16},"sourceSize":{"w":16,"h":16},"anchor":{"x":0.5,"y":0.5},"shape":{"type":"rect","top":8,"bottom":8,"left":8,"right":8}},"PB@frame4":{"frame":{"x":37,"y":1,"w":16,"h":16},"rotated":false,"trimmed":false,"spriteSourceSize":{"x":0,"y":0,"w":16,"h":16},"sourceSize":{"w":16,"h":16},"anchor":{"x":0.5,"y":0.5},"shape":{"type":"rect","top":8,"bottom":8,"left":8,"right":8}},"PB@frame5":{"frame":{"x":19,"y":19,"w":16,"h":16},"rotated":false,"trimmed":false,"spriteSourceSize":{"x":0,"y":0,"w":16,"h":16},"sourceSize":{"w":16,"h":16},"anchor":{"x":0.5,"y":0.5},"shape":{"type":"rect","top":8,"bottom":8,"left":8,"right":8}},"PB_C@frame0":{"frame":{"x":37,"y":19,"w":16,"h":32},"rotated":false,"trimmed":false,"spriteSourceSize":{"x":0,"y":0,"w":16,"h":32},"sourceSize":{"w":16,"h":32},"anchor":{"x":0.5,"y":0.75},"shape":{"type":"rect","top":8,"bottom":8,"left":8,"right":8}},"PB_C@frame1":{"frame":{"x":19,"y":37,"w":16,"h":32},"rotated":false,"trimmed":false,"spriteSourceSize":{"x":0,"y":0,"w":16,"h":32},"sourceSize":{"w":16,"h":32},"anchor":{"x":0.5,"y":0.75},"shape":{"type":"rect","top":8,"bottom":8,"left":8,"right":8}},"PB_C@frame2":{"frame":{"x":1,"y":55,"w":16,"h":32},"rotated":false,"trimmed":false,"spriteSourceSize":{"x":0,"y":0,"w":16,"h":32},"sourceSize":{"w":16,"h":32},"anchor":{"x":0.5,"y":0.75},"shape":{"type":"rect","top":8,"bottom":8,"left":8,"right":8}},"PB_C@frame3":{"frame":{"x":1,"y":89,"w":16,"h":32},"rotated":false,"trimmed":false,"spriteSourceSize":{"x":0,"y":0,"w":16,"h":32},"sourceSize":{"w":16,"h":32},"anchor":{"x":0.5,"y":0.75},"shape":{"type":"rect","top":8,"bottom":8,"left":8,"right":8}},"PB_C@frame4":{"frame":{"x":19,"y":71,"w":16,"h":32},"rotated":false,"trimmed":false,"spriteSourceSize":{"x":0,"y":0,"w":16,"h":32},"sourceSize":{"w":16,"h":32},"anchor":{"x":0.5,"y":0.75},"shape":{"type":"rect","top":8,"bottom":8,"left":8,"right":8}},"PB_C@frame5":{"frame":{"x":37,"y":53,"w":16,"h":32},"rotated":false,"trimmed":false,"spriteSourceSize":{"x":0,"y":0,"w":16,"h":32},"sourceSize":{"w":16,"h":32},"anchor":{"x":0.5,"y":0.75},"shape":{"type":"rect","top":8,"bottom":8,"left":8,"right":8}},"PB_N@frame0":{"frame":{"x":37,"y":87,"w":16,"h":32},"rotated":false,"trimmed":false,"spriteSourceSize":{"x":0,"y":0,"w":16,"h":32},"sourceSize":{"w":16,"h":32},"anchor":{"x":0.5,"y":0.75},"shape":{"type":"rect","top":8,"bottom":8,"left":8,"right":8}},"PB_N@frame1":{"frame":{"x":55,"y":1,"w":16,"h":32},"rotated":false,"trimmed":false,"spriteSourceSize":{"x":0,"y":0,"w":16,"h":32},"sourceSize":{"w":16,"h":32},"anchor":{"x":0.5,"y":0.75},"shape":{"type":"rect","top":8,"bottom":8,"left":8,"right":8}},"PB_N@frame2":{"frame":{"x":73,"y":1,"w":16,"h":32},"rotated":false,"trimmed":false,"spriteSourceSize":{"x":0,"y":0,"w":16,"h":32},"sourceSize":{"w":16,"h":32},"anchor":{"x":0.5,"y":0.75},"shape":{"type":"rect","top":8,"bottom":8,"left":8,"right":8}},"PB_N@frame3":{"frame":{"x":91,"y":1,"w":16,"h":32},"rotated":false,"trimmed":false,"spriteSourceSize":{"x":0,"y":0,"w":16,"h":32},"sourceSize":{"w":16,"h":32},"anchor":{"x":0.5,"y":0.75},"shape":{"type":"rect","top":8,"bottom":8,"left":8,"right":8}},"PB_N@frame4":{"frame":{"x":109,"y":1,"w":16,"h":32},"rotated":false,"trimmed":false,"spriteSourceSize":{"x":0,"y":0,"w":16,"h":32},"sourceSize":{"w":16,"h":32},"anchor":{"x":0.5,"y":0.75},"shape":{"type":"rect","top":8,"bottom":8,"left":8,"right":8}},"PB_N@frame5":{"frame":{"x":55,"y":35,"w":16,"h":32},"rotated":false,"trimmed":false,"spriteSourceSize":{"x":0,"y":0,"w":16,"h":32},"sourceSize":{"w":16,"h":32},"anchor":{"x":0.5,"y":0.75},"shape":{"type":"rect","top":8,"bottom":8,"left":8,"right":8}},"PW@frame0":{"frame":{"x":19,"y":105,"w":16,"h":16},"rotated":false,"trimmed":false,"spriteSourceSize":{"x":0,"y":0,"w":16,"h":16},"sourceSize":{"w":16,"h":16},"anchor":{"x":0.5,"y":0.5},"shape":{"type":"rect","top":8,"bottom":8,"left":8,"right":8}},"PW@frame1":{"frame":{"x":73,"y":35,"w":16,"h":16},"rotated":false,"trimmed":false,"spriteSourceSize":{"x":0,"y":0,"w":16,"h":16},"sourceSize":{"w":16,"h":16},"anchor":{"x":0.5,"y":0.5},"shape":{"type":"rect","top":8,"bottom":8,"left":8,"right":8}},"PW@frame2":{"frame":{"x":91,"y":35,"w":16,"h":16},"rotated":false,"trimmed":false,"spriteSourceSize":{"x":0,"y":0,"w":16,"h":16},"sourceSize":{"w":16,"h":16},"anchor":{"x":0.5,"y":0.5},"shape":{"type":"rect","top":8,"bottom":8,"left":8,"right":8}},"PW@frame3":{"frame":{"x":109,"y":35,"w":16,"h":16},"rotated":false,"trimmed":false,"spriteSourceSize":{"x":0,"y":0,"w":16,"h":16},"sourceSize":{"w":16,"h":16},"anchor":{"x":0.5,"y":0.5},"shape":{"type":"rect","top":8,"bottom":8,"left":8,"right":8}},"PW@frame4":{"frame":{"x":73,"y":53,"w":16,"h":16},"rotated":false,"trimmed":false,"spriteSourceSize":{"x":0,"y":0,"w":16,"h":16},"sourceSize":{"w":16,"h":16},"anchor":{"x":0.5,"y":0.5},"shape":{"type":"rect","top":8,"bottom":8,"left":8,"right":8}},"PW@frame5":{"frame":{"x":55,"y":69,"w":16,"h":16},"rotated":false,"trimmed":false,"spriteSourceSize":{"x":0,"y":0,"w":16,"h":16},"sourceSize":{"w":16,"h":16},"anchor":{"x":0.5,"y":0.5},"shape":{"type":"rect","top":8,"bottom":8,"left":8,"right":8}},"PW_C@frame0":{"frame":{"x":55,"y":87,"w":16,"h":32},"rotated":false,"trimmed":false,"spriteSourceSize":{"x":0,"y":0,"w":16,"h":32},"sourceSize":{"w":16,"h":32},"anchor":{"x":0.5,"y":0.75},"shape":{"type":"rect","top":8,"bottom":8,"left":8,"right":8}},"PW_C@frame1":{"frame":{"x":91,"y":53,"w":16,"h":32},"rotated":false,"trimmed":false,"spriteSourceSize":{"x":0,"y":0,"w":16,"h":32},"sourceSize":{"w":16,"h":32},"anchor":{"x":0.5,"y":0.75},"shape":{"type":"rect","top":8,"bottom":8,"left":8,"right":8}},"PW_C@frame2":{"frame":{"x":73,"y":71,"w":16,"h":32},"rotated":false,"trimmed":false,"spriteSourceSize":{"x":0,"y":0,"w":16,"h":32},"sourceSize":{"w":16,"h":32},"anchor":{"x":0.5,"y":0.75},"shape":{"type":"rect","top":8,"bottom":8,"left":8,"right":8}},"PW_C@frame3":{"frame":{"x":109,"y":53,"w":16,"h":32},"rotated":false,"trimmed":false,"spriteSourceSize":{"x":0,"y":0,"w":16,"h":32},"sourceSize":{"w":16,"h":32},"anchor":{"x":0.5,"y":0.75},"shape":{"type":"rect","top":8,"bottom":8,"left":8,"right":8}},"PW_C@frame4":{"frame":{"x":91,"y":87,"w":16,"h":32},"rotated":false,"trimmed":false,"spriteSourceSize":{"x":0,"y":0,"w":16,"h":32},"sourceSize":{"w":16,"h":32},"anchor":{"x":0.5,"y":0.75},"shape":{"type":"rect","top":8,"bottom":8,"left":8,"right":8}},"PW_C@frame5":{"frame":{"x":109,"y":87,"w":16,"h":32},"rotated":false,"trimmed":false,"spriteSourceSize":{"x":0,"y":0,"w":16,"h":32},"sourceSize":{"w":16,"h":32},"anchor":{"x":0.5,"y":0.75},"shape":{"type":"rect","top":8,"bottom":8,"left":8,"right":8}},"PW_N@frame0":{"frame":{"x":73,"y":105,"w":16,"h":32},"rotated":false,"trimmed":false,"spriteSourceSize":{"x":0,"y":0,"w":16,"h":32},"sourceSize":{"w":16,"h":32},"anchor":{"x":0.5,"y":0.75},"shape":{"type":"rect","top":8,"bottom":8,"left":8,"right":8}},"PW_N@frame1":{"frame":{"x":37,"y":121,"w":16,"h":32},"rotated":false,"trimmed":false,"spriteSourceSize":{"x":0,"y":0,"w":16,"h":32},"sourceSize":{"w":16,"h":32},"anchor":{"x":0.5,"y":0.75},"shape":{"type":"rect","top":8,"bottom":8,"left":8,"right":8}},"PW_N@frame2":{"frame":{"x":55,"y":121,"w":16,"h":32},"rotated":false,"trimmed":false,"spriteSourceSize":{"x":0,"y":0,"w":16,"h":32},"sourceSize":{"w":16,"h":32},"anchor":{"x":0.5,"y":0.75},"shape":{"type":"rect","top":8,"bottom":8,"left":8,"right":8}},"PW_N@frame3":{"frame":{"x":1,"y":123,"w":16,"h":32},"rotated":false,"trimmed":false,"spriteSourceSize":{"x":0,"y":0,"w":16,"h":32},"sourceSize":{"w":16,"h":32},"anchor":{"x":0.5,"y":0.75},"shape":{"type":"rect","top":8,"bottom":8,"left":8,"right":8}},"PW_N@frame4":{"frame":{"x":19,"y":123,"w":16,"h":32},"rotated":false,"trimmed":false,"spriteSourceSize":{"x":0,"y":0,"w":16,"h":32},"sourceSize":{"w":16,"h":32},"anchor":{"x":0.5,"y":0.75},"shape":{"type":"rect","top":8,"bottom":8,"left":8,"right":8}},"PW_N@frame5":{"frame":{"x":1,"y":157,"w":16,"h":32},"rotated":false,"trimmed":false,"spriteSourceSize":{"x":0,"y":0,"w":16,"h":32},"sourceSize":{"w":16,"h":32},"anchor":{"x":0.5,"y":0.75},"shape":{"type":"rect","top":8,"bottom":8,"left":8,"right":8}},"b1@frame0":{"frame":{"x":1,"y":191,"w":32,"h":32},"rotated":false,"trimmed":false,"spriteSourceSize":{"x":0,"y":0,"w":32,"h":32},"sourceSize":{"w":32,"h":32},"anchor":{"x":0.5,"y":0.5},"shape":{"type":"rect","top":7,"bottom":8,"left":13,"right":13}},"b2@frame0":{"frame":{"x":19,"y":157,"w":32,"h":32},"rotated":false,"trimmed":false,"spriteSourceSize":{"x":0,"y":0,"w":32,"h":32},"sourceSize":{"w":32,"h":32},"anchor":{"x":0.5,"y":0.5},"shape":{"type":"rect","top":8,"bottom":8,"left":13,"right":13}},"greenLight@frame0":{"frame":{"x":1,"y":225,"w":16,"h":16},"rotated":false,"trimmed":false,"spriteSourceSize":{"x":0,"y":0,"w":16,"h":16},"sourceSize":{"w":16,"h":16},"anchor":{"x":0.5,"y":0.5},"shape":{"type":"rect","top":8,"bottom":8,"left":8,"right":8}},"greenLight@frame1":{"frame":{"x":19,"y":225,"w":16,"h":16},"rotated":false,"trimmed":false,"spriteSourceSize":{"x":0,"y":0,"w":16,"h":16},"sourceSize":{"w":16,"h":16},"anchor":{"x":0.5,"y":0.5},"shape":{"type":"rect","top":8,"bottom":8,"left":8,"right":8}},"main_board@frame0":{"frame":{"x":1,"y":243,"w":208,"h":208},"rotated":false,"trimmed":false,"spriteSourceSize":{"x":0,"y":0,"w":208,"h":208},"sourceSize":{"w":208,"h":208},"anchor":{"x":0.5,"y":0.5},"shape":{"type":"rect","top":88,"bottom":88,"left":88,"right":88}},"pixil-frame-0(37)@frame0":{"frame":{"x":35,"y":191,"w":28,"h":28},"rotated":false,"trimmed":false,"spriteSourceSize":{"x":0,"y":0,"w":28,"h":28},"sourceSize":{"w":28,"h":28},"anchor":{"x":0.5,"y":0.5},"shape":{"type":"rect","top":14,"bottom":14,"left":14,"right":14}},"screen_board@frame0":{"frame":{"x":127,"y":1,"w":208,"h":208},"rotated":false,"trimmed":false,"spriteSourceSize":{"x":0,"y":0,"w":208,"h":208},"sourceSize":{"w":208,"h":208},"anchor":{"x":0.5,"y":0.5},"shape":{"type":"rect","top":88,"bottom":88,"left":88,"right":88}},"select_B@frame0":{"frame":{"x":91,"y":121,"w":32,"h":32},"rotated":false,"trimmed":false,"spriteSourceSize":{"x":0,"y":0,"w":32,"h":32},"sourceSize":{"w":32,"h":32},"anchor":{"x":0.5,"y":0.5},"shape":{"type":"rect","top":14,"bottom":14,"left":14,"right":14}},"select_B@frame1":{"frame":{"x":53,"y":155,"w":32,"h":32},"rotated":false,"trimmed":false,"spriteSourceSize":{"x":0,"y":0,"w":32,"h":32},"sourceSize":{"w":32,"h":32},"anchor":{"x":0.5,"y":0.5},"shape":{"type":"rect","top":14,"bottom":14,"left":14,"right":14}},"select_B@frame2":{"frame":{"x":87,"y":155,"w":32,"h":32},"rotated":false,"trimmed":false,"spriteSourceSize":{"x":0,"y":0,"w":32,"h":32},"sourceSize":{"w":32,"h":32},"anchor":{"x":0.5,"y":0.5},"shape":{"type":"rect","top":14,"bottom":14,"left":14,"right":14}},"select_B@frame3":{"frame":{"x":65,"y":189,"w":32,"h":32},"rotated":false,"trimmed":false,"spriteSourceSize":{"x":0,"y":0,"w":32,"h":32},"sourceSize":{"w":32,"h":32},"anchor":{"x":0.5,"y":0.5},"shape":{"type":"rect","top":14,"bottom":14,"left":14,"right":14}},"select_W@frame0":{"frame":{"x":1,"y":453,"w":32,"h":32},"rotated":false,"trimmed":false,"spriteSourceSize":{"x":0,"y":0,"w":32,"h":32},"sourceSize":{"w":32,"h":32},"anchor":{"x":0.5,"y":0.5},"shape":{"type":"rect","top":14,"bottom":14,"left":14,"right":14}},"select_W@frame1":{"frame":{"x":35,"y":453,"w":32,"h":32},"rotated":false,"trimmed":false,"spriteSourceSize":{"x":0,"y":0,"w":32,"h":32},"sourceSize":{"w":32,"h":32},"anchor":{"x":0.5,"y":0.5},"shape":{"type":"rect","top":14,"bottom":14,"left":14,"right":14}},"select_W@frame2":{"frame":{"x":69,"y":453,"w":32,"h":32},"rotated":false,"trimmed":false,"spriteSourceSize":{"x":0,"y":0,"w":32,"h":32},"sourceSize":{"w":32,"h":32},"anchor":{"x":0.5,"y":0.5},"shape":{"type":"rect","top":14,"bottom":14,"left":14,"right":14}},"select_W@frame3":{"frame":{"x":103,"y":453,"w":32,"h":32},"rotated":false,"trimmed":false,"spriteSourceSize":{"x":0,"y":0,"w":32,"h":32},"sourceSize":{"w":32,"h":32},"anchor":{"x":0.5,"y":0.5},"shape":{"type":"rect","top":14,"bottom":14,"left":14,"right":14}},"shadow@frame0":{"frame":{"x":211,"y":211,"w":208,"h":208},"rotated":false,"trimmed":false,"spriteSourceSize":{"x":0,"y":0,"w":208,"h":208},"sourceSize":{"w":208,"h":208},"anchor":{"x":0.5,"y":0.5},"shape":{"type":"rect","top":104,"bottom":104,"left":104,"right":104}}},"animations":{"PB":["PB@frame0","PB@frame1","PB@frame2","PB@frame3","PB@frame4","PB@frame5"],"PB_C":["PB_C@frame0","PB_C@frame1","PB_C@frame2","PB_C@frame3","PB_C@frame4","PB_C@frame5"],"PB_N":["PB_N@frame0","PB_N@frame1","PB_N@frame2","PB_N@frame3","PB_N@frame4","PB_N@frame5"],"PW":["PW@frame0","PW@frame1","PW@frame2","PW@frame3","PW@frame4","PW@frame5"],"PW_C":["PW_C@frame0","PW_C@frame1","PW_C@frame2","PW_C@frame3","PW_C@frame4","PW_C@frame5"],"PW_N":["PW_N@frame0","PW_N@frame1","PW_N@frame2","PW_N@frame3","PW_N@frame4","PW_N@frame5"],"b1":["b1@frame0"],"b2":["b2@frame0"],"greenLight":["greenLight@frame0","greenLight@frame1"],"main_board":["main_board@frame0"],"pixil-frame-0(37)":["pixil-frame-0(37)@frame0"],"screen_board":["screen_board@frame0"],"select_B":["select_B@frame0","select_B@frame1","select_B@frame2","select_B@frame3"],"select_W":["select_W@frame0","select_W@frame1","select_W@frame2","select_W@frame3"],"shadow":["shadow@frame0"]}}